1,Ronald,Bryant,"Archkogl 46",ATZMANNSDORF,Austria
2,Jennifer,McNeill,"Karlsängen 43",LINGBO,Sweden
3,Kathleen,Neace,"Kluuvikatu 97",VANTAA,Finland
4,Rebecca,Vidal,"Gl. Sygehusvej 61",Narsaq,Greenland
5,Caitlin,Mahn,"36 Rue Frédéric Chopin",VESOUL,France
6,Anthony,Miles,"1574 South St",Boordfontein,"South Africa"
7,Jennifer,Johnson,"Sokolovská 1165","Janovice u Rýmarova","Czech Republic"
8,Connie,Burris,"1113 Princess St",Kingston,Canada
9,Lyndon,Herring,"Otakaari 35",HARJAVALTA,Finland
10,Chang,Holtman,"Arenales 5931",Montevideo,Uruguay
11,Leslie,Rojas,"Del Sauzal 5247","Mendoza Grande",Uruguay
12,Mitchel,Schmidt,"4524 Rue King",Sherbrooke,Canada
13,Angel,Gonzalez,"Kajaaninkatu 47",ESPOO,Finland
14,Rebecca,Porter,"Neuhofer Strasse 10",WINDPASSING,Austria
15,Grace,Abreu,"72 Harris Street","GAFFNEYS CREEK",Australia
16,Victor,Joyner,"Skelvænget 88","København K",Denmark
17,Jeremy,Blanton,"63 Naxou Street",Koloni,"Cyprus (Anglicized)"
18,Peter,Gray,"Castelostraat 74",Castenray,Netherlands
19,Mark,McNair,"543 Oost St",Hendrina,"South Africa"
20,Elizabeth,Lynch,"Tavcarjeva 38",Sevnica,Slovenia
21,Robert,Elmore,"ul. Strąkowa 146",Olsztyn,Poland
22,Doris,Beck,"69 Rue Tronja",Republique,Tunisia
23,Grant,Branscome,"Kangru 80",Tartu,Estonia
24,Wayne,Pickering,"804 Stanza Bopape St","Louis Trichardt","South Africa"
25,Anna,Lint,"Rákóczi út 30.",Mihályfa,Hungary
26,Amber,Kiefer,"Åsenveien 146",TØNSBERG,Norway
27,Sean,Ryder,"Verdandi Gränd 49",BORGAFJÄLL,Sweden
28,Tina,Rogers,"Rua Professor João Rodrigues 658",Recife,Brazil
29,Chong,Harden,"Colónia Agrícola Casal 112",Murtosa,Portugal
30,Celia,Thomas,"154 Wrights Avenue",Waimataitai,"New Zealand"
31,Virginia,Bryant,"Õie 78",Leikude,Estonia
32,Sid,Kluge,"Parmova 40",Logatec,Slovenia
33,Julia,Johnson,"81 Stillwater Avenue",OAKAJEE,Australia
34,Edith,Eastman,"Cercas Bajas 59","Mollet del Vallès",Spain
35,Ira,Cooper,"Κυλλήνη 165",ΠΗΓΕΝΙΑ,"Cyprus (Greek)"
36,Nancy,Gonzalez,"Grössgstötten 8",FIMING,Austria
37,Clyde,Calhoun,"Gosposka ulica 100","Murska Sobota",Slovenia
38,Donald,Nix,"Grosse Praesidenten Str. 60","Rutsweiler an der Lauter",Germany
39,Harry,Kohl,"P.O. Box 285",Upernavik,Greenland
40,Ma,Blackstock,"Bavorovská 247","Šumavské Hoštice","Czech Republic"
41,Katherine,Carollo,"Surkeejärventie 91",ÄÄNEKOSKI,Finland
42,Ernie,Gates,"Bellavista 37",Corrales,Spain
43,Samantha,Duke,"Eikarlundur 80",Þórshöfn,Iceland
44,Heather,Deangelo,"2245 Merivale Road",Kanata,Canada
45,Kerrie,Berkowitz,"Mattersburger Strasse 96",PATZENTHAL,Austria
46,Freddie,Stanford,"Hallesches Ufer 59",Neuffen,Germany
47,Jenelle,Curtis,"Ctra. de la Puerta 46",Arnedillo,Spain
48,Amanda,Myers,"Grossmatt 104",Bever,Switzerland
49,Marta,Butler,"59 boulevard Aristide Briand","LE CHESNAY",France
50,Lois,Moore,"Hverfisgata 36",Selfoss,Iceland
51,German,McClain,"Gosposka ulica 80",Podbočje,Slovenia
52,Terry,Rick,"Dunajska 59",Sorica,Slovenia
53,Doris,Gallagher,"P.O. Box 107",Pituffik,Greenland
54,Jason,Carroll,"Rua Luzia Suruagy 384",Maceió,Brazil
55,Gary,Preston,"Kolde puiestee 2",Tallinn,Estonia
56,James,Thompson,"128 Rue Elitha","Cite El Manar",Tunisia
57,Luz,Ensign,"ul. Jaracza Stefana 84",Jaworzno,Poland
58,Felix,Curci,"Dvořákova 812",Mnichovice,"Czech Republic"
59,Angela,Silvey,"Raua põik 31",Perila,Estonia
60,John,Hamel,"Søndre Havnevej 89",Bjæverskov,Denmark
61,Jason,Potts,"ul. Derdowskiego Jarosza 33",Gdańsk,Poland
62,Paul,Melton,"Blekersdijk 174",Donk,Belgium
63,Richard,Meyers,"76 Rue Ennasr",Golaa,Tunisia
64,Megan,Davies,"1227 First Ave",Delareyville,"South Africa"
65,Casey,Starr,"4380 Hornor Avenue",Ripley,"United States"
66,James,Lester,"Av. Zumalakarregi 59",Torrevieja,Spain
67,Enrique,Blevins,"Ηλίου 156",ΛΑΡΝΑΚΑ,"Cyprus (Greek)"
68,Betty,Rosa,"Kálmán Imre u. 48.",Zalaigrice,Hungary
69,Catherine,Battaglia,"Paso Rivero 2395","Treinta y Tres",Uruguay
70,Emily,Garza,"Pod Malsičkou 955",Volyne,"Czech Republic"
71,Maurine,Kern,"Floridusgasse 3",WETZMANN,Austria
72,Brenda,Armstrong,"20 Carolina Park Road","BATEAU BAY",Australia
73,Rosemary,Muldrow,"42 rue Porte d'Orange",CARPENTRAS,France
74,Gina,Anderson,"61 Coventry Way",Waiake,"New Zealand"
75,Belinda,Sanderson,"Schuetzenweg 87",Menzengrüt,Switzerland
76,Ross,West,"84 Rue Des Entrepreneurs","Cite Ezzouhour",Tunisia
77,Dollie,Bradbury,"Dunajska 102","Sv. Duh na Ostrem Vrhu",Slovenia
78,Lorraine,Kroll,"Pärna 20",Loosi,Estonia
79,Richard,Gonzales,"Müürivahe 30",Tallinn,Estonia
80,Edward,Gilfillan,"Koidu 76",Märdimiku,Estonia
81,Carlos,Tope,"ul. Hypty Franciszka 117",Kraków,Poland
82,James,Montoya,"R Fonte Taurina 107",Porto,Portugal
83,Virginia,Davidson,"Tamme 22",Kihlevere,Estonia
84,Richard,Moss,"70 Savages Road","LOGAN CITY BC",Australia
85,Michael,Brock,"Klausturvegur 69",Ísafjörður,Iceland
86,Brian,Perry,"Plano Integrado 9","Alverca do Ribatejo",Portugal
87,John,Bryan,"56 rue Descartes",SURESNES,France
88,Luther,Norris,"Ringvej 99",Qaqortoq,Greenland
89,Florence,Edwards,"C/ Henan Cortes 54","Humanes de Madrid",Spain
90,Lynn,Taber,"P.O. Box 159",Qeqertarsuaq,Greenland
91,Joyce,Adams,"Luebecker Strasse 55",Beratzhausen,Germany
92,William,Brogdon,"Osvobození 401",Chotebuz,"Czech Republic"
93,Jeanine,Eichelberger,"Kilen 32","Århus C",Denmark
94,Harold,Schoenberg,"Konstanzer Strasse 79",Waldaschaff,Germany
95,Lynn,Bruce,"Zürichstrasse 124",Baden,Switzerland
96,Eva,Perez,"R Calvário 35",Carção,Portugal
97,Timothy,Herron,"Wassergasse 17",NEUSACH,Austria
98,Camille,Conner,"Svendborg Landevej 27","København K",Denmark
99,Ricky,Ellison,"2436 Oost St",Witbank,"South Africa"
100,Horace,Fiore,"Masina 99",Koidu,Estonia
101,Brandon,Berg,"Carretera 76","Priego de Córdoba",Spain
102,Lillian,Schrupp,"18 Nenthead Road","HIGH ETHERLEY","United Kingdom"
103,William,Nowicki,"Postbox 144",Kangilinnguit,Greenland
104,Carol,Arnold,"4187 Port Washington Road",Enchant,Canada
105,Gabrielle,Freeman,"Alkmaarseweg 156",Beverwijk,Netherlands
106,Steven,Hull,"105 Rue de la Nouvelle Delhi","Cite Nouvelle Kerkouan",Tunisia
107,Dale,Conrad,"Tyršova 1735",Slavonice,"Czech Republic"
108,Joseph,Ward,"3071 Hart Street","East Hartford","United States"
109,Constance,Arthur,"Via Lagrange 113",Valdagno,Italy
110,Thomas,Ratliff,"Kluuvikatu 38",VANTAA,Finland
111,Clara,Little,"Tienne à Many 164",Ham-sur-Heure/Nalinnes,Belgium
112,Roy,Schick,"Massbyntie 16",KERAVA,Finland
113,Jeffrey,Douglas,"Via Alessandro Manzoni 140",Cecima,Italy
114,Shaun,Townsend,"Dreiheiligenstrasse 36",HIMMELREICH,Austria
115,Christopher,Shaver,"Avenida Cavaleiros de São Paulo 1749","São Paulo",Brazil
116,Kimberly,Peeler,"Letališka 23",Idrija,Slovenia
117,Martha,Greenstein,"17 Barker Street",WOOGENELLUP,Australia
118,Hubert,Payne,"Školní 263","Veselí nad Lužnicí 1","Czech Republic"
119,Andres,Shatley,"Linnankatu 79",ESPOO,Finland
120,Scott,Knight,"Školní 1044","Veselí nad Lužnicí 1","Czech Republic"
121,Frederick,Clay,"2330 Devenish St",Nelspruit,"South Africa"
122,Jerry,Decker,"Toftvej 67","København K",Denmark
123,Francis,Saunders,"91 Dora Creek","REPENTANCE CREEK",Australia
124,Richard,Hixson,"Stradone Antonio Provolo 109",Amelia,Italy
125,David,Jackson,"Dreiheiligenstrasse 93",HIMBERG,Austria
126,Mark,Wakefield,"Sankt Georgener Hauptstrasse 25",UNTERGRAFENBACH,Austria
127,Margaret,Middlebrooks,"43 Akti Kanari Street",Nikokleia,"Cyprus (Anglicized)"
128,Jeff,McNeely,"1723 Mesa Drive","Las Vegas","United States"
129,Bonnie,Wasser,"7 Balonne Street",DEAUVILLE,Australia
130,Orville,Love,"Sandviken 69",GLANSHAMMAR,Sweden
131,Aurelio,Green,"Ægissiða 82",Grenivík,Iceland
132,Antione,Gassett,"105 Avenue El Ghofrane","Cite Snit Nouvelle",Tunisia
133,Ernie,Whorton,"Koskikatu 94",ESPOO,Finland
134,Robert,Davis,"15 Tooraweenah Road",WIRRINYA,Australia
135,Maureen,Bradford,"60 N. Stadion",Larnaka,"Cyprus (Anglicized)"
136,Michele,McKay,"1361 Wit Rd",Johannesburg,"South Africa"
137,Kathleen,Staples,"32 Cambridge Street",MAROOTA,Australia
138,Betty,Lee,"154 Daniels Road",Casebrook,"New Zealand"
139,Oscar,Roman,"54 Sanders Avenue",Moturoa,"New Zealand"
140,Jose,Mize,"467 49th Avenue","Sachs Harbour",Canada
141,Ed,Bierman,"Vorkweg 90","Alphen aan den Rijn",Netherlands
142,Moses,Taylor,"Ilichova 75",Ljubljana,Slovenia
143,Antwan,Jimenez,"Schweigårds vei 102",BERGEN,Norway
144,Scott,Siebert,"Gabbroveien 215",STAVANGER,Norway
145,James,Hebert,"Slipager 65","København K",Denmark
146,Oscar,Thornton,"18 Endeavour Drive",MOODY,Australia
147,Cynthia,Weems,"Alte Poststrasse 14",HAID,Austria
148,Diane,McGuire,"131 Ihakara Street","Nikau Valley","New Zealand"
149,Brenda,Jackson,"Budapester Straße 94",Braunfels,Germany
150,Lillian,Carlton,"Za humny 1118","Bernartice u Milevska","Czech Republic"
151,Betty,Bunch,"Vanhamaantie 52",KOTKA,Finland
152,Haydee,Bosserman,"Casut 41","Li Curt",Switzerland
153,Tony,Quinones,"46 Stone Cellar Road",KINGTHORPE,"United Kingdom"
154,Mike,Dawson,"2137 Reserve St",Kirkfield,Canada
155,Chelsie,Summers,"Hersnapvej 2","København K",Denmark
156,Michael,Bonner,"Møllers gate 10",SANDEFJORD,Norway
157,Mary,McColl,"Koskikatu 65",ESPOO,Finland
158,Elizabeth,Hatfield,"Vestergade 66","København V",Denmark
159,Bernard,Fields,"Tavcarjeva 60",Šmarje,Slovenia
160,Cynthia,Ruiz,"Via Rocca de Baldi 58",Capistrano,Italy
161,Stephen,Law,"χλμ Αλεξανδρούπολης 94",ΜΟΡΦΟΥ,"Cyprus (Greek)"
162,Marco,King,"Družstevní 530",Blovice,"Czech Republic"
163,Angela,Bullard,"Brisas 4532","María Albina",Uruguay
164,Judy,Davis,"83 Kleisthenous Street",Vavla,"Cyprus (Anglicized)"
165,Barbara,Hollaway,"Machelsesteenweg 121",Montroeul-sur-Haine,Belgium
166,Warren,Jones,"Rua Mercúrio 1737","São Caetano do Sul",Brazil
167,Jennifer,Franklin,"Χαριλάου Τρικούπη 156","ΛΑΤΣΙΑ (ΛΑΚΚΙΑ)","Cyprus (Greek)"
168,Teddy,Schofield,"Democracia 1364","Las Vegas",Uruguay
169,Michael,Kinslow,"74 Academy Street","BERRICK SALOME","United Kingdom"
170,Judith,Rodgers,"Rua Camaragibe 1532",Natal,Brazil
171,Kelly,Waddell,"Lesní 1747",Tatenice,"Czech Republic"
172,Mark,Lenihan,"Bem rakpart 11.",Jéke,Hungary
173,Jessie,Martin,"P.O. Box 297",Pituffik,Greenland
174,Rosa,Williams,"Kärntner Strasse 81",HASLING,Austria
175,Kathy,Niebuhr,"Purje 24",Põhara,Estonia
176,Jessica,Rodriguez,"Kangasmoisionkatu 36",JYVÄSKYLÄ,Finland
177,Warren,Woods,"Engøyholmen 95",HUNDVÅG,Norway
178,Sheila,Dilday,"118 Rue Ibn Al Khatib","Cite El Houda",Tunisia
179,Pauline,Hauck,"Anders Sadelmakares Gränd 59",ÖSTERBYMO,Sweden
180,Mark,Harbour,"Üerklisweg 40",Brülisau,Switzerland
181,Clarence,Steele,"Neruda 1414",Soca,Uruguay
182,Dani,Candler,"Vøyensvingen 9",OSLO,Norway
183,Janet,Correa,"Slovenčeva 16",Dragatuš,Slovenia
184,Theresa,Taylor,"77 Devon Street",WAYVILLE,Australia
185,Jesse,Martinez,"Kieler Strasse 78",Burgkirchen,Germany
186,Michael,Hetherington,"Austurgata 11",Höfn,Iceland
187,Wayne,Gonzalez,"75 Woerdens Road",MUSWELLBROOK,Australia
188,Marcus,Gamble,"2011 Heuvel St",Sterkspruit,"South Africa"
189,Barbara,Meyer,"Alvaro Cunqueiro 25",Sepúlveda,Spain
190,Charles,McAdory,"Via Giotto 90",Terrossa,Italy
191,Amy,Wilkinson,"Slovenčeva 106",Fram,Slovenia
192,Debra,Wiley,"ul. Jantarowa 146",Koszalin,Poland
193,Phyllis,Skinner,"616 Rockford Mountain Lane","Green Bay","United States"
194,Oscar,Hopkins,"19 Rue Gafsa","Cite 7 Novembre",Tunisia
195,Clara,Wycoff,"Broekhoek 83",Heesch,Netherlands
196,James,Peachey,"Bahnhofstrasse 59",Glarus,Switzerland
197,Sandra,Hunter,"Λεωφόρος Βασ. Γεωργίου 118",ΜΑΑ,"Cyprus (Greek)"
198,Joseph,Anderson,"69 rue des Dunes",SAINT-MAUR-DES-FOSSÈS,France
199,Lawrence,Stewart,"Via Galvani 79","Tomba Di Nerone",Italy
200,Karen,Davis,"Üerklisweg 111",Brunnenthal,Switzerland
201,Lillian,Stanford,"Binzmühlestrasse 90",Salvenach,Switzerland
202,Margaret,Albert,"238 Eleftherias Street",Pyla,"Cyprus (Anglicized)"
203,Donna,Kranz,"Comandante Izarduy 12",Martorell,Spain
204,Randy,Arend,"Hlégerði 30",Hnífsdalur,Iceland
205,Dorothy,Simpson,"R Palmeira 19","Mira de Aire",Portugal
206,Martin,Jones,"ul. Centralna 91",Wrocław,Poland
207,Mayra,McGowan,"3516 Gorham Street",London,Canada
208,Sara,Cook,"Lebzeltergasse 3",THALL,Austria
209,Evelyn,Reiff,"Møllevænget 88",Valby,Denmark
210,Joanne,Demartini,"191 Garafraxa St","Lion's Head",Canada
211,James,Pugh,"57 Thornton St",HURST,"United Kingdom"
212,Edythe,McFarland,"10 Kauri Street",Flaxmere,"New Zealand"
213,Bradley,Owens,"130 Rue D'Eljem","Cite Ouvriere",Tunisia
214,Jamie,Harrison,"Bissingzeile 28",Axstedt,Germany
215,Evelyn,Vasquez,"Marktplatz 68",RIED,Austria
216,Robert,Rodriquez,"Liisankatu 78",SAVONLINNA,Finland
217,Cathy,Saunders,"Kopfhölzistrasse 147","Le Jordil",Switzerland
218,Annette,Nix,"Σκαφίδια 294",ΠΕΝΤΑΚΩΜΟ,"Cyprus (Greek)"
219,Evelyn,Lavalley,"766 Voortrekker St",Dormerton,"South Africa"
220,Laura,Soules,"82 Spilman Street",GRAIN,"United Kingdom"
221,Mildred,Wagoner,"Travessa Aluízio Bezerra 950",Natal,Brazil
222,Carla,Thompson,"Populierenstraat 323",Aaigem,Belgium
223,Loretta,Saldivar,"Serenade Opus 255",Vreren,Belgium
224,Daniel,Huerta,"Rigoberto Lopez 9608",Shangrila,Uruguay
225,Kenneth,Ard,"95 Woodwark Crescent",DANBULLA,Australia
226,Cherri,Andre,"4309 Tycos Dr",Toronto,Canada
227,Pedro,Graham,"Raas van Gaverestraat 389",Cour-sur-Heure,Belgium
228,Brent,Silva,"R Desidério Bessa 86","Cruz Quebrada",Portugal
229,Daniel,Tucci,"Puruntie 36",LAPPEENRANTA,Finland
230,Jolene,Krebs,"Postbox 221",Kangilinnguit,Greenland
231,Isaiah,Araiza,"52 Cassinia Street","PINE LODGE",Australia
232,Matthew,Boyd,"Via delle Viole 40","San Donato",Italy
233,Linda,Reyes,"1301 Willow Oaks Lane","Lake Charles","United States"
234,Wendy,Carpenter,"Kangasmoisionkatu 66",JYVÄSKYLÄ,Finland
235,William,Carbone,"Burgemeester Kuyperlaan 36",Valkenswaard,Netherlands
236,Patricia,Quijada,"Luite tee 32",Vetla,Estonia
237,Janet,Panton,"Rua Ursa Maior 127","Jaboatão dos Guararapes",Brazil
238,Paul,Elliot,"2331 Thutlwa St",Giyani,"South Africa"
239,Marion,Dominguez,"Via Schliffras 23",Gattikon,Switzerland
240,Luna,Slayden,"Rosa de los Vientos 78",Chillón,Spain
241,Glenn,Craft,"94 rue de Raymond Poincaré",NEUILLY-SUR-SEINE,France
242,Scott,Taylor,"Dijkstraat 392",Ekeren,Belgium
243,Fredric,Bye,"Schuepisstrasse 84",Humlikon,Switzerland
244,Stephen,Saez,"98 rue Levy",Montreal,Canada
245,David,Carter,"1798 Bhoola Rd","East London","South Africa"
246,Ronald,Morales,"Letališka 20",Jelšane,Slovenia
247,Bobby,Spencer,"Lillesäter Kullberg 27",NATTAVAARABY,Sweden
248,Mathew,Kirby,"Hegedûs Gyula utca 46.",Bánk,Hungary
249,Paul,Rogers,"Schmarjestrasse 45",Perasdorf,Germany
250,Donna,Smith,"49 avenue de Bouvines",SEDAN,France
251,Helen,Kimbrell,"Gartenhof 84",Ascona,Switzerland
252,Douglas,Rhodes,"1881 Stonecoal Road",Mansfield,"United States"
253,Justin,Green,"249 Sayer Street",Dinsdale,"New Zealand"
254,Sammie,Smith,"Tuvslettvegen 132",HARSTAD,Norway
255,James,Nelson,"92 rue de l'Epeule",ROUEN,France
256,Wilbert,Stoffel,"58 rue des lieutemants Thomazo",DOUAI,France
257,Angela,Lucas,"Via Altisio 27",Solothurn,Switzerland
258,Kari,Johnson,"806 Little Street",Akron,"United States"
259,Thelma,Gendreau,"89 Lewin Street","ARIAH PARK",Australia
260,Michael,Metz,"2354 Ireland St","White River","South Africa"
261,Shawnna,Hinton,"95 Rue St Ferréol",METZ,France
262,Jeffrey,Mansfield,"Rua Vasco Gama 76",Benavente,Portugal
263,Cynthia,Stratton,"Travessa Adão Comasseto 1949","Santa Maria",Brazil
264,Ernest,Bowers,"Ziegelgasse 35",GRUB,Austria
265,Albert,Rauch,"101 Blackmore Drive",Glenholme,"New Zealand"
266,Georgia,Lockridge,"Paseo Junquera 79",Higueras,Spain
267,Jacob,Mitchell,"264 Nelson Mandela Drive",Pietersburg,"South Africa"
268,Scott,Love,"Fuglie 73",BÄLINGE,Sweden
269,Jessie,Murdock,"Rua Capelinha de São Caetano 1318",Salvador,Brazil
270,Alfred,Bunch,"Slovenčeva 55",Črnomelj,Slovenia
271,Florentino,Hardy,"Havlíčkova 1698",Sedlcany,"Czech Republic"
272,Pamela,Baer,"R José A Madeira 95",Portimão,Portugal
273,Sue,Lee,"34 Hudson Street",Tamarau,"New Zealand"
274,Stanley,Oldfield,"16 Rue Joseph Vernet",AVIGNON,France
275,Keith,Gehrke,"1563 Carriage Court","El Cajon","United States"
276,Michael,Sandoval,"769 Visser St",Virginia,"South Africa"
277,David,Herrick,"160 Matthew Street",Burnside,"New Zealand"
278,Heather,Andrade,"114 Iliou Street",Paralimni,"Cyprus (Anglicized)"
279,Bobbie,Brock,"Hakulintie 29",LUHANKA,Finland
280,Stefani,Rodriguez,"32 Coppinger Terrace",Halswell,"New Zealand"
281,Michael,Honaker,"12 Chemin Du Lavarin Sud",CALAIS,France
282,Gloria,Wright,"Postbox 101",Kangaatsiaq,Greenland
283,Kevin,Johnson,"Πόρτο Χέλι 103",ΤΑΥΡΟΥ,"Cyprus (Greek)"
284,Clarence,Morrison,"Tacuarembo 6872",Algorta,Uruguay
285,Tyrone,Linsley,"Rue du Monument 465",Anderlues,Belgium
286,Daniel,Phifer,"Fagradalsbraut 51",Egilsstaðir,Iceland
287,Madeline,Farrand,"ul. Braille'a Ludwika 19",Radom,Poland
288,Rudolph,Allen,"Colonia Ofir 9552","San Luis",Uruguay
289,Jerry,Rizzuto,"Potsdamer Platz 33",Scheidegg,Germany
290,Kamilah,Seymour,"Erlenweg 1",Benken,Switzerland
291,Robert,McMahon,"Schachterlweg 67",POITSCHACHGRABEN,Austria
292,Jessie,Ridgeway,"Witbakkerstraat 155",Sint-Katherina-lombeek,Belgium
293,Dean,Li,"R Sardinha 46",Paço,Portugal
294,Spencer,Dietrich,"ul. Przytorze 150",Szczecin,Poland
295,Melody,Haynes,"Ctra. de Siles 64","Antas de Ulla",Spain
296,John,Perez,"Pfaffacherweg 44",Schneisingen,Switzerland
297,Annette,Reed,"3540 47th Avenue",Grassland,Canada
298,Curtis,Evans,"65 Mildura Street","BINALONG BAY",Australia
299,Shamika,Young,"Gounodstraat 157",Alkmaar,Netherlands
300,Donna,Kolb,"Λεωφόρος Β. Αλεξάνδρου 37","ΑΚΤΗ ΚΥΒΕΡΝΗΤΗ","Cyprus (Greek)"
301,Fernando,Hatton,"Aven Ackers 381",Bouillon,Belgium
302,Felicitas,Johnson,"Rue de la Tannerie 412",Hatrival,Belgium
303,Kimberly,Hammond,"Al. Wojska Polskiego 80",Olsztyn,Poland
304,Karen,Contreras,"Jotneveien 76",SANDEFJORD,Norway
305,Jorge,Vicente,"4043 Hershell Hollow Road",Seattle,"United States"
306,Armando,Ferguson,"Nerudova 449",Borovany,"Czech Republic"
307,George,Todd,"Baltasar Brum 5520","La Paloma",Uruguay
308,Sandra,Whitehead,"Revninge Bygade 18","Sønder Omme",Denmark
309,Aleta,Tucker,"Männi 82",Väägvere,Estonia
310,Suzanna,Davis,"Hätilänkatu 2",LAHTI,Finland
311,Kenneth,Conover,"Bessenveldstraat 292",Mont-Gauthier,Belgium
312,Betty,Thomas,"141 Rue Ibn Al Khatib","Cite El Azima",Tunisia
313,Pauline,Clark,"Belgrád rkp. 40.",Sé,Hungary
314,Jennifer,Juhasz,"Egedius gate 166",DRAMMEN,Norway
315,Jessica,Reinhardt,"Avenida Escolas 28","São Martinho de Sardoura",Portugal
316,Lauri,Fontaine,"ul. Toruńska 150",Warszawa,Poland
317,Amy,Lewis,"ul. Krakowskie Przedmieście 99",Warszawa,Poland
318,Refugio,Wrobel,"Cruce Casa de Postas 10",Pampaneira,Spain
319,Patricia,Holcomb,"Postbox 87",Kangilinnguit,Greenland
320,Marietta,McDaniel,"Rákóczi út 85.",Alsóörs,Hungary
321,Dale,Smith,"1758 Jasper Avenue",Edmonton,Canada
322,Thelma,Swain,"Brisas 3804",Manantiales,Uruguay
323,Lavonda,Adair,"Rua Sete 1598","São Gonçalo",Brazil
324,Kayla,Punch,"Sondanella 131",Gruben,Switzerland
325,Steven,Evans,"Dadelvägen 12",SIBBHULT,Sweden
326,Timothy,Martinez,"Kankaanpääntie 59",KEMI,Finland
327,Elizabeth,Jobe,"928 Bo Meul St","Fish Hoek","South Africa"
328,Bertha,Harwood,"Sahantie 38",TAMPERE,Finland
329,Sarah,Smith,"Rauhankatu 33",HELSINKI,Finland
330,Earl,Zimmerman,"Carretera del Muelle 95",Segorbe,Spain
331,Harry,Dias,"Humala 77",Raka,Estonia
332,Jolene,Zimmerman,"Hausergasse 94",WÜRZENBERG,Austria
333,Seth,Apel,"Kolodvorska 15",Koper,Slovenia
334,Flora,Vazquez,"Juncal 8360","Cañada Nieto",Uruguay
335,Daniel,Nichols,"Baltasar Brum 8154","La Floresta",Uruguay
336,Natasha,Banks,"Napparngummut 127",Tasiilaq,Greenland
337,Brent,Esparza,"1575 St Jean Baptiste St","Mont Louis",Canada
338,Glenda,Riojas,"Colombes 3825",Progreso,Uruguay
339,James,Williams,"201 Essex Street","New Plymouth Central","New Zealand"
340,Joeann,McFarlin,"Rua Landell de Moura 598","Rio de Janeiro",Brazil
341,Robert,Evans,"Varparannantie 27",LIEKSA,Finland
342,Samuel,Tang,"76 Cunnery Rd",MANCHESTER,"United Kingdom"
343,Anna,Lovell,"1016 Grey Rd",Feversham,Canada
344,Alexander,Williams,"Avenida Paris 59","Azenha da Carrasca",Portugal
345,Joanne,Almodovar,"2324 Flanigan Oaks Drive",Bethesda,"United States"
346,Michael,John,"Gosposka ulica 85","Nova vas",Slovenia
347,Ernestine,Hall,"1923 Capitol Avenue",Indianapolis,"United States"
348,Stephen,Sowell,"Pfarrgasse 38",MITTERFELD,Austria
349,Curtis,McMahon,"Sofie Hartmanns vei 202",KONGSBERG,Norway
350,Fred,Chaffins,"Industriestraat 371",Dampremy,Belgium
351,Agnes,Clark,"Larrañaga 2888",Lagomar,Uruguay
352,William,Burkhart,"82 rue Victor Hugo",CONFLANS-SAINTE-HONORINE,France
353,Thomas,Burk,"5 Alderney Mews",Redwood,"New Zealand"
354,Lillian,Singer,"Casa Gielgia 17",Neuchâtel,Switzerland
355,Kim,Weber,"Fjolnisgata 95",Akureyri,Iceland
356,Sandra,Sollars,"Doktordalvegen 106",TROMSØ,Norway
357,Robert,Parks,"Nánási út 96.",Som,Hungary
358,Alan,Jacobson,"93 Rue De La Liberté","Cite El Hafsia",Tunisia
359,Mercy,Porch,"2792 Heritage Drive",Calgary,Canada
360,Sabrina,Stotler,"Via Sacchi 113","Brenno Useria",Italy
361,Lynn,Harris,"Estrada Nacional 111",Amoreira,Portugal
362,Roland,McNab,"Gartenweg 20",AINWALDING,Austria
363,Lawrence,Glasgow,"Diemröth 43",EICHELWANG,Austria
364,Jennifer,Worley,"988 Pinewood Drive",Chicago,"United States"
365,Brenda,Nichols,"Rua Cabral Antunes 18",Cadaval,Portugal
366,Joseph,Meyer,"Arenales 6163",Montevideo,Uruguay
367,Hazel,Aparicio,"2 Sunraysia Road","CAMBRIAN HILL",Australia
368,Shirley,Gary,"Villagatan 40",SOLBERG,Sweden
369,Ruth,Moreno,"Kangasmoisionkatu 80",JYVÄSKYLÄ,Finland
370,Nicholas,Fields,"Δεληγιάννη 81","ΚΟΥΡΟΥ ΜΟΝΑΣΤΗΡΙ","Cyprus (Greek)"
371,Donald,Anderson,"Tompa u. 85.",Bököny,Hungary
372,Roland,Stith,"Ilichova 116",Ljubljana,Slovenia
373,Jessica,Hancock,"9 Rue Mohammed Slim","Menzel Hedi Chaker",Tunisia
374,John,Pollock,"Avenida Marquês Tomar 40",Lisboa,Portugal
375,Terry,Harris,"1299 Apple Lane",Davenport,"United States"
376,Mason,Jordan,"Quadra CNB 08 1944",Taguatinga,Brazil
377,David,Newland,"84 A Avenue",Edmonton,Canada
378,Jenny,Hall,"Οδός Μάκρη 203","∆ΡΥΣ ΠΑΝΩ","Cyprus (Greek)"
379,Lisa,Boulay,"Visiokatu 85",KANKAANPÄÄ,Finland
380,Margot,Moses,"Pfarrgasse 65",MITTERBUCH,Austria
381,Eduardo,Cerda,"54 Rue Ibn Al Jazzar","Redeyef Gare",Tunisia
382,Delores,Martin,"Backsippestigen 78",MJÖLBY,Sweden
383,Robert,Marsh,"Coronilla 9550","Florencio Sánchez",Uruguay
384,Norma,Martino,"Faerberplatz 38",STRASS,Austria
385,Shanice,Dye,"Oosterduinweg 118",IJmuiden,Netherlands
386,Bonnie,Smith,"Διαμαντοπούλου 164",ΛΕΥΚΩΣΙΑ,"Cyprus (Greek)"
387,Jesus,Reed,"Letališka 34",Gorišnica,Slovenia
388,Delcie,Sweeney,"43 rue Pierre De Coubertin",TOULOUSE,France
389,Jason,Hall,"Churchilllaan 73",Amsterdam,Netherlands
390,Jason,Larson,"Kirchstrasse 43","La Croix",Switzerland
391,Ruth,Jackson,"Brucknerweg 37",Hasli,Switzerland
392,David,Marrero,"R Calvário 2",Bragança,Portugal
393,Stephen,Tickle,"84 Gaffney Street",BENTLEIGH,Australia
394,Jeffery,Bell,"71 Chemin Des Bateliers",ANGERS,France
395,Josefina,Fulton,"ul. Dobra 139",Wrocław,Poland
396,Jennifer,Chapman,"Isidoro Noblia 8319",Aceguá,Uruguay
397,John,Ford,"3804 Burton Avenue",Memphis,"United States"
398,Jose,Smith,"Straße der Pariser Kommune 6",Aachen,Germany
399,Sandra,Brown,"1592 Pooz Street","Toms River","United States"
400,Rae,Saladino,"84 boulevard de Prague",NÎMES,France
401,Mary,Higgins,"Akonmäentie 58",VIEREMÄ,Finland
402,Kenneth,Lee,"Kantstraße 84",Burkhardtsdorf,Germany
403,Raymundo,McMullen,"40 Romawi Road","FLAGGY CREEK",Australia
404,Chad,Langston,"Veres Pálné u. 49.",Csárdaszállás,Hungary
405,Alice,Dennis,"Hagatorg 40",Reykjavík,Iceland
406,Jared,Montanez,"252 Fourth Avenue",Calgary,Canada
407,Sarah,Marroquin,"Rue des Laderies 305",Villers-sur-Lesse,Belgium
408,Scott,Stiver,"Norra Esplanaden 19",HELSINKI,Finland
409,Nickolas,Conant,"Koepenicker Str. 12",Oberwörresbach,Germany
410,Kathie,Stlaurent,"3046 Thurston Dr",Ottawa,Canada
411,Charles,Negrete,"Rue Basse 382",Pont-de-Loup,Belgium
412,Carrie,Moss,"87 Rue de la Pompe",MANTES-LA-JOLIE,France
413,Martha,Crespo,"Delistraat 63",Leeuwarden,Netherlands
414,Kenny,Sletten,"Ibirapita 2675","Ecilda Paullier",Uruguay
415,Deborah,Haman,"Røykåskroken 91",LØRENSKOG,Norway
416,William,Villanueva,"Aqqusinersuaq 70",Nanortalik,Greenland
417,Thomas,Litchfield,"R Pombal 102",Sabugal,Portugal
418,Christine,Napier,"Ilichova 72",Ljubljana,Slovenia
419,Frances,Ramirez,"Rua Gomes de Melo 713","Porto Alegre",Brazil
420,Louise,Wilson,"Touwslagerstraat 350",Zétrud-Lumay,Belgium
421,Esteban,Shubert,"Bjarg Dalbraut 12",Búðardalur,Iceland
422,Cindy,Richardson,"2269 Burger St",Bronkhorstspruit,"South Africa"
423,Nita,Loftin,"Præstegade 90",Nørresundby,Denmark
424,Rosemary,Sharp,"Arenales 7911",Montevideo,Uruguay
425,Gregory,Warner,"180 Bell Street",Otumoetai,"New Zealand"
426,Wendy,Balch,"Scheidweg 128",Hagendorn,Switzerland
427,Robert,Millard,"R Fonte Taurina 21",Porto,Portugal
428,Denise,Jones,"230 Jellicoe Avenue",Bishopdale,"New Zealand"
429,Mona,Pinkerton,"Orase 92",Tallinn,Estonia
430,Jeffrey,Kelley,"34 Fuchsia Place",Yelverton,"New Zealand"
431,Ron,Neece,"Vesturgata 90",Reykjavík,Iceland
432,Donald,Sims,"Φίλωνος 243","ΜΟΝΗ ΜΕΤΑΜΟΡΦΩΣΕΩΣ","Cyprus (Greek)"
433,Cesar,Deck,"133 Rue Moftah Jguirim","Cite Pont Trageon",Tunisia
434,Peggy,Mize,"Uus 32",Saunametsa,Estonia
435,John,Williams,"79 Rue de Casablanca","Cite Ettaamir",Tunisia
436,Theodore,Grubbs,"Kasteellaan 188",Heumen,Netherlands
437,Ludivina,Gordon,"4 Kingsway North",HOLME,"United Kingdom"
438,Robin,Depriest,"Ringkollen 245",SANDEFJORD,Norway
439,Larry,Jones,"51 Ockham Road","EAST STOKE","United Kingdom"
440,Michael,Servais,"39 Rue Frédéric Chopin",VESOUL,France
441,Michelle,Dorman,"531 Platinum Drive",Canonsburg,"United States"
442,Albert,Jones,"ul. Boya Żeleńskiego Tadeusza 95",Rybnik,Poland
443,Trina,Hatten,"Ceibo 1321",Cufré,Uruguay
444,Debra,Huddleston,"168 Kleomenous Street","Aglantzia (Aglangia)","Cyprus (Anglicized)"
445,Iris,David,"Vicolo Tre Marchetti 85",Istrana,Italy
446,Dalton,Diaz,"Hlíðarvegur 16",Kirkjubæjarklaustur,Iceland
447,Joan,Mouton,"Rua Dois 969",Caçapava,Brazil
448,Edward,Cruz,"Frørupvej 62","København K",Denmark
449,Beth,Mixon,"Knesebeckstraße 39","Lüdenscheid Wettringhof",Germany
450,Lillian,Sample,"Hauptstrasse 50",PSEIN,Austria
451,Michelle,Sechrist,"Skärpinge 15",SUNDSVALL,Sweden
452,Clifton,Romo,"R Goa 107","Portela da Memória",Portugal
453,James,Cleaver,"3885 Oakridge Lane",Atlanta,"United States"
454,Aaron,Matthews,"Rua Pero Vaz Caminha 57","Ribeira de Frades",Portugal
455,Scott,Watts,"83 rue des Nations Unies",SAINT-BRIEUC,France
456,Kenneth,Gross,"R Figueiras 58","Foz Sousa",Portugal
457,Katherine,Kutz,"Kluuvikatu 52",VANTAA,Finland
458,Sabrina,Barbara,"Mellangården 56",NORRALA,Sweden
459,Derek,Purvis,"169 Prodromou str","Agia Eirini","Cyprus (Anglicized)"
460,Alden,Upshaw,"Industrieweg 160",Braibant,Belgium
461,Cathrine,Dempsey,"Skolegyden 17","København K",Denmark
462,Emma,Tate,"Alpenstrasse 84","STEINBACH AN DER STEYR",Austria
463,Kevin,Naughton,"Koningin Emmastraat 141",Castricum,Netherlands
464,Mercedes,Olivarez,"35 Kissamou",Nicosia,"Cyprus (Anglicized)"
465,Tamara,Warner,"Dayka Gábor u. 59.",Dunatetétlen,Hungary
466,Steve,Hannan,"Stórholt 68",Kjörvogur,Iceland
467,Jeffery,Robinson,"Μιχ. Βόδα 194",ΓΟΥΦΕΣ,"Cyprus (Greek)"
468,Jeremiah,Shears,"Via Camischolas sura 138",Dierikon,Switzerland
469,James,Rowland,"An der Alster 19",Barkow,Germany
470,Merry,Thomas,"Pl. Virgen Blanca 3","Les Franqueses del Vallès",Spain
471,Deborah,Larson,"31 Rue de la Voie Lactée","Cite Ezzouhour",Tunisia
472,Lynn,Delatorre,"37 rue de Raymond Poincaré",NANTES,France
473,Larry,Conlon,"Rua Alegria 48","Fonte Nova",Portugal
474,Summer,Colson,"William Farres veg 33",TRONDHEIM,Norway
475,Johnny,Guan,"Τιμολέοντος Βάσσου 77","ΑΓΙΟΣ ΦΙΛΩΝ","Cyprus (Greek)"
476,Travis,Ford,"Mechelininkatu 5",HANKASALMI,Finland
477,Gregg,Wallace,"Aia 54",Sutlepa,Estonia
478,Shirley,Heidrick,"Schoenebergerstrasse 85",Glauchau,Germany
479,Stephen,Jensen,"Nimannsveien 177",DRAMMEN,Norway
480,Anthony,Manley,"Trg revolucije 33",Brežice,Slovenia
481,Evelyn,Walton,"Tavcarjeva 28",Šalovci,Slovenia
482,Dale,Valencia,"96 Beach Street",WHITEMARK,Australia
483,Nancy,Smith,"Rua 54 1890",Anápolis,Brazil
484,Rose,Bowman,"Luige tee 12",Verevi,Estonia
485,Deirdre,Thurman,"C/ Cañada del Rosal 72","El Campillo",Spain
486,Kristen,Church,"Dalmatinova 43",Vitomarci,Slovenia
487,Rob,Ellis,"Toftvej 67","København K",Denmark
488,Lillie,Hudson,"Alingsåsvägen 5",SANDARED,Sweden
489,Sophia,Fryer,"73 Yangan Drive","SPRING RIDGE",Australia
490,Felton,Cowan,"Sluneční 553","Hrabyne 1","Czech Republic"
491,Lawrence,Fischer,"Heibakken 69","MO I RANA",Norway
492,Clinton,Hampton,"28 place de Miremont",VILLENEUVE-LA-GARENNE,France
493,Mary,Clay,"Praceta Maria Lamas 35",Lourel,Portugal
494,Donald,Petersen,"Ctra. Villena 27",Laviana,Spain
495,John,Edens,"Sævar 12",Húsavík,Iceland
496,Gloria,Aybar,"Violvägen 8",ÅSARNA,Sweden
497,Tami,Jackson,"Messlingen 99",LOFSDALEN,Sweden
498,Elizabeth,Williams,"Szent Gellért tér 49.",Dédestapolcsány,Hungary
499,Tammy,Strohm,"Ilichova 82",Ljubljana,Slovenia
500,Paul,Scranton,"2463 Roger St",Komga,"South Africa"
501,Jonathan,Alston,"66 Rue Kilani Metoui","Garet Hadid",Tunisia
502,Kelly,Brady,"Apartado de Correos 15",Moriscos,Spain
503,James,Strong,"998 Church St",Pretoria,"South Africa"
504,Stephanie,Barr,"Männi 12",Vasula,Estonia
505,Terrance,Dubose,"Wassergasse 91",NEUHOF,Austria
506,Robert,Broussard,"Travessa Parque 37",Formoselha,Portugal
507,Geraldine,Stewart,"30 Rue Joseph Vernet",BAGNEUX,France
508,Sally,Carrillo,"Via Firenze 12","San Pietro Avellana",Italy
509,Parker,Bequette,"Μεγάλη Άμμος 30",ΠΑΦΟΣ,"Cyprus (Greek)"
510,Phyliss,Nunez,"Kiannonkatu 35",II,Finland
511,Peter,Thornton,"Trädgårdsgatan 94",HUDDINGE,Sweden
512,Harold,Cox,"Hütteldorfer Strasse 44",KLEINSÖLL,Austria
513,Deborah,Leger,"Aspernstrasse 32",SCHLATT,Austria
514,Cory,Martin,"41 South Western Terrace",MILVERTON,"United Kingdom"
515,William,Burch,"100 Pacific Place","Mechanics Bay","New Zealand"
516,Linda,Gambrell,"Jon Smørs vei 134",NESØYA,Norway
517,Nancy,Dixon,"P.O. Box 244",Qeqertarsuaq,Greenland
518,Richard,Reyes,"10 Helland Bridge",UPHAM,"United Kingdom"
519,Alberta,Mann,"14 Rue Tahar Khmiri","El Founi",Tunisia
520,Theresa,Vargo,"Præstegade 21","Nykøbing F",Denmark
521,Estelle,Small,"Sønderstræde 93","København V",Denmark
522,Robert,Reinhold,"69 Charilaou Trikoupi Str.",Peristeronari,"Cyprus (Anglicized)"
523,Valerie,May,"Florianapolis 4581",Nicolich,Uruguay
524,William,Neil,"Talbergåsen 97",SKJEBERG,Norway
525,Shelly,Toups,"41 William Pickering Drive",Paremoremo,"New Zealand"
526,Dora,Rivera,"ul. Pocztowa 5","Stargard Szczeciński",Poland
527,Amy,Honeycutt,"Knausen 61",ALTA,Norway
528,Crystal,Booker,"57 Seninis Road",GULLIVER,Australia
529,Anthony,Jimenez,"3485 Lynden Road",Palgrave,Canada
530,Reanna,Brown,"296 Crown St",Potchefstroom,"South Africa"
531,George,Pierre,"Plattenstrasse 74",Rechthalten,Switzerland
532,Jose,Freeman,"Via Gabbietta 28",Vergeletto,Switzerland
533,Ronnie,Harris,"2187 Daffodil Dr",Mthatha,"South Africa"
534,Jacob,Parmenter,"Studhaldenstrasse 18","Les Avants",Switzerland
535,Hugh,Sandoval,"56 Poto Road",Omiha,"New Zealand"
536,Deborah,Shannon,"Neubertbogen 103",Rorschacherberg,Switzerland
537,Frank,Lucero,"Nurme 31",Varudi,Estonia
538,Dolores,Placencia,"2271 Visser St",Theunissen,"South Africa"
539,Larry,Greig,"49 rue de Raymond Poincaré",NEUILLY-SUR-SEINE,France
540,Robert,Cook,"Mannerheimintie 34",KRISTIINANKAUPUNKI,Finland
541,Loretta,Salgado,"Kapelaniestraat 90",Lichtaart,Belgium
542,Cynthia,Moss,"Spojovací 1068",Jemnice,"Czech Republic"
543,Dorothea,McCluskey,"590 Trymore Road",Ostrander,"United States"
544,Dawn,Christie,"Sønderstræde 93","København V",Denmark
545,Toni,Gonzalez,"Servidão Mário Truci 689",Petrópolis,Brazil
546,Rafael,Deady,"61 Rue St Ferréol",METZ,France
547,Carl,Burkart,"Σουνίου 202",ΛΑΠΑΘΟΣ,"Cyprus (Greek)"
548,Amy,Dee,"Massbyntie 83",KERAVA,Finland
549,Charles,Melvin,"26 Bullwood Rd","ST DOGWELLS","United Kingdom"
550,Patrick,Godfrey,"Viale Ippocrate 49","Solbiate Comasco",Italy
551,Arthur,Guidry,"Saturnvegen 75",PORSGRUNN,Norway
552,Sheila,Lynch,"Rua Loreto 102",Arca,Portugal
553,Rodney,Howard,"Rue de Fontigny 270",Roclenge-sur-Geer,Belgium
554,Robert,Buono,"Hans Schacksvej 91",Skodsborg,Denmark
555,Leo,Nelson,"Liisankatu 69",SAVONLINNA,Finland
556,Romona,Morris,"Lundevænget 8","København K",Denmark
557,Judith,Clark,"784 Station Road",Durban,"South Africa"
558,Christine,Loch,"Fagradalsbraut 50",Egilsstaðir,Iceland
559,Allen,O'Donnell,"V Trávníkách 1388",Rádlo,"Czech Republic"
560,Leonard,Mustafa,"R Pinhão 77",Setúbal,Portugal
561,Tony,Gamez,"632 Gerald L. Bates Drive",Waltham,"United States"
562,Michelle,King,"Dunajska 57","Sv. Duh na Ostrem Vrhu",Slovenia
563,Giselle,Workman,"Rua Donga 500",Guarulhos,Brazil
564,Michelle,Engle,"Cagancha 7880","Paso de Pache",Uruguay
565,Gary,Karns,"436 James Avenue",Wichita,"United States"
566,William,Gomez,"Rue du Chapy 240",Gutschoven,Belgium
567,Rick,Shafer,"2087 Neuport Lane",Norcross,"United States"
568,Meredith,Gardner,"Industriestraat 61",Groningen,Netherlands
569,Patricia,Nelson,"2438 Sheppard Ave",Toronto,Canada
570,Jack,Jones,"Smetanova 1984",Prelouc,"Czech Republic"
571,Joan,Morefield,"Na Výsluní 1783",Chotoviny,"Czech Republic"
572,Chad,Friedman,"Teréz krt. 45.",Káloz,Hungary
573,Antone,O'Connor,"28 quai Saint-Nicolas",TOURNEFEUILLE,France
574,John,Schreiber,"ul. Produkcyjna 115",Warszawa,Poland
575,Carolyn,Rios,"Hřbitovní 1922","Bohuslavice u Zlína","Czech Republic"
576,Carol,Justice,"Pfarrgasse 58",MITTERDÖRFL,Austria
577,Steven,Beason,"Mållångsbo 12",LOVIKKA,Sweden
578,Stephen,Sanders,"Magrethevej 288",Qasigiannguit,Greenland
579,Samuel,Waller,"Rehemäe 86",Puide,Estonia
580,Donald,Taylor,"Κλεομένους 271","∆ΕΥΤΕΡΑ ΠΑΝΩ","Cyprus (Greek)"
581,Aline,Courtney,"260 Athens Sounio Avenue","Agios Mamas","Cyprus (Anglicized)"
582,Frances,Gutierrez,"Tylova 1438",Brnenec,"Czech Republic"
583,Margaret,Allen,"Suur-Laagri 73",Leisi,Estonia
584,Walter,Beal,"34 Roseda-Tinamba Road",LANGSBOROUGH,Australia
585,Thomas,McCorkle,"Ängsgatan 70",KÅGERÖD,Sweden
586,Lisa,Adams,"61 Baker Street",MILLBROOK,Australia
587,Raymond,Debnam,"Bosrand 172",Ens,Netherlands
588,Valerie,Chan,"Rue des Honnelles 127",Zedelgem,Belgium
589,Omar,Lee,"Via Scala 71",Ciciano,Italy
590,Victoria,Diaz,"Rue Bouhouille 31",Sautour,Belgium
591,Michael,Harris,"Untere Aegerten 93",Corserey,Switzerland
592,Joe,Batista,"C/ Angosto 36",Úbeda,Spain
593,Thomas,Tietjen,"29 Leader Way","Nelson Central","New Zealand"
594,Alyssa,Vandemark,"P.O. Box 127",Danmarkshavn,Greenland
595,Emily,Greenly,"Bräuhof 20",ARZBERG,Austria
596,Abigail,Quiles,"Olimpo 5756","Isidoro Noblía",Uruguay
597,Alvin,Shelton,"Madlastø 214",HAFRSFJORD,Norway
598,Thomas,Walsh,"ul. Gołębia 50",Radom,Poland
599,Deborah,Eason,"Calle Proc. San Sebastián 20","El Robledo",Spain
600,Destiny,Faulkner,"C/ Arana 15","El Bonillo",Spain
601,David,Houk,"4011 Custer Street",Altoona,"United States"
602,Peggy,Saltsman,"Siili 8",Rebasmäe,Estonia
603,Kerrie,Hardrick,"Ansina 4444","Villa Darwin",Uruguay
604,Jason,Smith,"39 Ockham Road","EAST MEY","United Kingdom"
605,Stephen,Peters,"Schulstrasse 148",Winterthur,Switzerland
606,John,Dietz,"32 Rue des Pléiades","Cite Ibn Rachik",Tunisia
607,Thomas,Thomas,"Schuepisstrasse 99",Iberg,Switzerland
608,Heidi,Miller,"Avenue Emile Vandervelde 114",Roosbeek,Belgium
609,James,Fletcher,"143 Liktou Str.","Latsia (Lakkia)","Cyprus (Anglicized)"
610,Jonathan,Trent,"1003 Oral Lake Road",Minneapolis,"United States"
611,Margaret,Ferebee,"Carretera 81","Pedro Abad",Spain
612,Terry,Davis,"Herrenberg 97",Premploz,Switzerland
613,Daphne,Miller,"Niels Stubs gate 250",HALDEN,Norway
614,Donald,Towry,"P.O. Box 88",Pituffik,Greenland
615,Raymond,Wojcik,"Trg revolucije 3",Bled,Slovenia
616,Sherry,Quintanilla,"Nánási út 22.",Zala,Hungary
617,Edward,Duncan,"Prinses Margrietstraat 193",Maasdijk,Netherlands
618,Richard,Rodriguez,"2168 President St",Johannesburg,"South Africa"
619,Andre,Conrad,"Sahantie 77",TAMPERE,Finland
620,Brenda,Ellis,"Illoqarfiup Qeppa 17",Paamiut,Greenland
621,Carlton,Garrison,"236 Venizelou Street","Stathn Kalavasou","Cyprus (Anglicized)"
622,Stanley,Hansen,"Nordre Ringvej 13","København V",Denmark
623,David,Morris,"Skolavordustig 8",Reykjavík,Iceland
624,Glenna,Felder,"ul. Diamentowa 11",Gdańsk,Poland
625,John,Holst,"28 Souttar Terrace",EDGEWATER,Australia
626,Wayne,Oneal,"191 Elloughton Crescent",Watlington,"New Zealand"
627,Kimberly,Britt,"Tamme 87",Kadrina,Estonia
628,Luz,Smith,"Alšova 536",Protivín,"Czech Republic"
629,Nathaniel,Leber,"12 Swanston Street",POMONAL,Australia
630,Benjamin,Solomon,"75 Northgate Street",BICKER,"United Kingdom"
631,Randy,Marin,"Avenida Celeste Faé 813",Linhares,Brazil
632,Leigh,Gandy,"98 Scenic Road","FORBES CREEK",Australia
633,Lorraine,Patel,"Jenaer Strasse 92",Bücheloh,Germany
634,Rosemary,Link,"58 rue Cazade",DRAVEIL,France
635,Dominic,Grenier,"Stuttgarter Platz 97",Laer,Germany
636,Billy,Myers,"Via Carlo Cattaneo 112",Ozieri,Italy
637,Henry,Barker,"Langegade 36","København V",Denmark
638,Rita,James,"Avda. de Andalucía 84","Villanueva del Rosario",Spain
639,Robbie,Robbins,"Tors veg 199",KONGSVINGER,Norway
640,Deborah,Stengel,"Colón 3668",Chamizo,Uruguay
641,Frank,Parisien,"Acuña de Figeroa 9062","Polanco Norte",Uruguay
642,Daryl,Wells,"Corso Novara 32",Modolo,Italy
643,Paul,McCarthy,"Via Altisio 59",Sonterswil,Switzerland
644,Sandra,Bachman,"Rua Santo Minello 17",Sorocaba,Brazil
645,Jeffrey,Sandoval,"Knektvägen 59",LUND,Sweden
646,Jerry,Larkins,"86 rue du Faubourg National",THIONVILLE,France
647,Miguel,Johns,"Bjarg Dalbraut 26",Búðardalur,Iceland
648,Robin,Ovalle,"Hallings gate 57",OSLO,Norway
649,Florene,Delarosa,"Bramstrup 98","København K",Denmark
650,Jennifer,Park,"48 Rue Danton","Cite Ezzaouia",Tunisia
651,Willie,Mao,"Werkstrasse 143",Chambésy,Switzerland
652,Cindy,Swindle,"Hagaskog 21",SKÄRBLACKA,Sweden
653,Kayla,Callahan,"Hoofdweg 165",Slochteren,Netherlands
654,Mike,Bradford,"Paju 81",Kehala,Estonia
655,Michael,Sellers,"Stationsstraat 387",Incourt,Belgium
656,Juanita,Brown,"Friedrichstrasse 33","Oberhausen Rothebusch",Germany
657,Felicia,Stiles,"Avenida Guarani 782",Serra,Brazil
658,Dale,Murray,"Družstevní práce 1661",Dobrenice,"Czech Republic"
659,Sarah,Taylor,"Holmenveien 169",NØTTERØY,Norway
660,John,Hoppe,"Terneveien 91",OSLO,Norway
661,Clara,Flaherty,"939 Turnpike Drive",Birmingham,"United States"
662,Daniel,Valdez,"R Tomé B Queirós 69",Lourosa,Portugal
663,Monique,Raymond,"Leandro Gomez 5901",Centenario,Uruguay
664,Pauline,Buchanan,"3679 rue Saint-Antoine",Granby,Canada
665,Edward,Cruickshank,"104 Michalakopoulou Avenue",Prodromos,"Cyprus (Anglicized)"
666,Patrick,Floyd,"Ibirapita 4583",Montevideo,Uruguay
667,Michael,Smith,"Kossuth Lajos u. 43.",Bükkösd,Hungary
668,Robin,Griffen,"Γλάδστωνος 180","ΑΓΙΑ ΒΑΡΒΑΡΑ","Cyprus (Greek)"
669,Samuel,Marshall,"Gosposka ulica 79",Otočec,Slovenia
670,Rose,Benavides,"Mjövattnet 33",DOCKSTA,Sweden
671,Luz,Millay,"14 Mosman Rd",Postmasburg,"South Africa"
672,Teresa,Bullock,"Ilichova 99",Ljubljana,Slovenia
673,Don,Harris,"Rue de la Sarthe 283",Houdeng-Aimeries,Belgium
674,Gary,Patton,"Skólastígur 74",Raufarhöfn,Iceland
675,Mary,Champagne,"80 Acheron Road","CALLIGNEE NORTH",Australia
676,Joyce,Reaves,"522 Brand St",Bethulie,"South Africa"
677,Sonia,Weber,"ul. Bukowa 31",Poznań,Poland
678,Amber,Edward,"Grängsbo Löten 98",VIKSJÖFORS,Sweden
679,Tom,Davidson,"Terneveien 46",BODØ,Norway
680,Lee,Johnson,"Budapester Strasse 74",Bornhöved,Germany
681,Rose,Walker,"Νοταρά 259","ΜΟΝΗ ΠΡΟΦΗΤΗ ΗΛΙΑ","Cyprus (Greek)"
682,Granville,Ball,"Rue Jean Lorette 93",Thynes,Belgium
683,Jerry,Nichols,"Βασ. Γεωργίου 84",ΑΛΩΝΑ,"Cyprus (Greek)"
684,Miriam,Fox,"224 Venizelos Street",Chrysiliou,"Cyprus (Anglicized)"
685,Raymond,Thayer,"Fasanenstrasse 58","Hamburg Lokstedt",Germany
686,Jose,Wright,"141 Camilla Grove",Marlborough,"New Zealand"
687,Stacey,Dicarlo,"χλμ Αθηνών 155",ΛΑΚΑΤΑΜΕΙΑ,"Cyprus (Greek)"
688,Denise,Bell,"Nedre Grønliveien 221",FJELLHAMAR,Norway
689,Caroline,Logan,"133 avenue de Port-Royal",Bonaventure,Canada
690,James,Davis,"160 Papanastasiou Street",Trypimeni,"Cyprus (Anglicized)"
691,Richard,Bly,"Postbox 97","Constable Pynt",Greenland
692,Marilyn,Rivera,"Templstrasse 18",MITTERBACH,Austria
693,Joseph,Garrett,"Via Luzzas 42",Ferden,Switzerland
694,Paul,Chambers,"Vansövägen 51",ÖXABÄCK,Sweden
695,Steven,Funk,"P.O. Box 262","Station Nord",Greenland
696,Stephen,Reinhart,"Veres Pálné u. 27.",Szeghalom,Hungary
697,Ruth,Brock,"2404 Meadow View Drive",Wallingford,"United States"
698,Patricia,Green,"Kwartelstraat 178",Hengelo,Netherlands
699,Barbara,Walker,"Skolavordustig 65",Reykjavík,Iceland
700,William,Munoz,"203 Rus St",Bellville,"South Africa"
701,Dorthy,Wyman,"71 Chapman Avenue",YERRANDERIE,Australia
702,Amanda,Medellin,"P.O. Box 235",Mestervi,Greenland
703,Clyde,Killingsworth,"Nurme 31",Paistu,Estonia
704,Laura,Noble,"Democracia 2838","Las Toscas",Uruguay
705,Jennie,Conley,"Herentalsebaan 248",Brussel,Belgium
706,Timothy,Jarvis,"Postfach 150",Aire,Switzerland
707,Kellie,Rodriguez,"Piroska u. 10.",Kistapolca,Hungary
708,Duane,Smith,"Fureåsen 157",ÅLESUND,Norway
709,Luis,Cox,"7 Rue Hedi Nooman","Ouled Dhaher",Tunisia
710,Robert,Salerno,"R Nossa Senhora Fátima 86",Outeiro,Portugal
711,John,Smith,"Juurdepääsu 47",Hanila,Estonia
712,Mark,Scott,"Βασιλέως Αλεξάνδρου 218","ΕΞΩ ΜΕΤΟΧΙ","Cyprus (Greek)"
713,Amy,Flaherty,"Paludanushof 30","Hoek van Holland",Netherlands
714,Doris,White,"Lietzensee-Ufer 68",Görlitz,Germany
715,Scott,Baldwin,"Ribelandevej 69",Christiansfeld,Denmark
716,Sharon,Melara,"Inglaterra 83",Nigüelas,Spain
717,Steven,Callahan,"1864 Bayfield St","Richmond Hill",Canada
718,Patrice,Kirk,"Calvo Sotelo 68","Nava del Rey",Spain
719,Richard,Reynolds,"Nánási út 79.",Tikos,Hungary
720,Julie,Ray,"Schoolstraat 461",Wansin,Belgium
721,Carla,Greenwood,"Travessa Manuel N. Moreira 81","Rio de Janeiro",Brazil
722,Thalia,Simons,"ul. Chopina Fryderyka 79",Sosnowiec,Poland
723,Joyce,Demaio,"Pikk 36",Alasoo,Estonia
724,Julia,Moss,"Tollinspektør Flors gate 102","KRISTIANSUND N",Norway
725,Chastity,Potter,"Rue du Commerce 128",Wortegem-Petegem,Belgium
726,Cynthia,Phillips,"Apenesbakken 107",HORTEN,Norway
727,John,Hanson,"Kriemhildstrasse 33",KRONAWITTEN,Austria
728,Elizabeth,Hust,"Heiðarbraut 54",Kópasker,Iceland
729,John,Burris,"Javalaan 92",Heemstede,Netherlands
730,Rose,Kirby,"Tuinstraat 143",Amsterdam,Netherlands
731,Jana,Michalik,"Ulriksholmvej 19",Nibe,Denmark
732,Robert,Stringer,"Hovbanken 30",Thorsø,Denmark
733,Ronald,Johnson,"30 rue Beauvau",MARSEILLE,France
734,Laura,Bodiford,"Agip u. 26.",Tésenfa,Hungary
735,Albert,Heckman,"Rua Coronel Henrique da Fonseca 568","São João de Meriti",Brazil
736,Evelyn,Jones,"1914 rue St-Paul",Sorel,Canada
737,Cecil,Ramirez,"3831 Sycamore Fork Road",Miami,"United States"
738,Howard,Olson,"Ilichova 5",Ljubljana,Slovenia
739,Vikki,Wildermuth,"1431 Bezuidenhout St",eMbalenhle,"South Africa"
740,Dylan,Goddard,"C/ Libertad 86",Casavieja,Spain
741,Judith,Bloom,"164 Market St",Johannesburg,"South Africa"
742,June,Bandy,"ul. Maciejewskiego Romana 88",Warszawa,Poland
743,Jeremy,Olson,"Korenmolen 135",Weert,Netherlands
744,Rosemarie,Patton,"Polní 1926",Nýrany,"Czech Republic"
745,Emilia,Elrod,"Edeby 26",GNESTA,Sweden
746,Derrick,Hill,"Boldistrasse 72",Niderhofen,Switzerland
747,Dana,Ramirez,"Schelpweg 80","Hoek van Holland",Netherlands
748,Blanch,Roman,"R Cimo Povo 18","Pinheiro Manso",Portugal
749,Cristin,Felix,"Bécsi utca 61.",Abda,Hungary
750,Christopher,Gray,"Hoge Wei 186",Autelbas,Belgium
751,Rusty,Serna,"1401 President St",Johannesburg,"South Africa"
752,Edward,Mackenzie,"Smetanova 668",Prelouc,"Czech Republic"
753,Shaun,Wells,"ul. Ciechocińska 81",Poznań,Poland
754,Robert,Coy,"79 Cunnery Rd",MAESMYNIS,"United Kingdom"
755,Alexander,Rather,"Landhausstraße 45",Eberswalde,Germany
756,Elizabeth,Norris,"234 Ermou Street",Potami,"Cyprus (Anglicized)"
757,Melissa,Vaught,"Rue de Sy 21",Fontaine-Valmont,Belgium
758,Ryan,Russell,"Nästvattnet 59",HUARÖD,Sweden
759,Robert,Dupre,"Jykintie 45",TAMPERE,Finland
760,Claude,Grinstead,"Via Nazario Sauro 113",Cisliano,Italy
761,Michael,Tuttle,"Põllu 4",Hullo,Estonia
762,Christopher,Riddle,"64 Freezeland Lane","COWLAM MANOR","United Kingdom"
763,Phyllis,Sullivan,"Dayka Gábor u. 70.",Csávoly,Hungary
764,Christopher,Willis,"Erlenweg 106",Bern,Switzerland
765,Anna,Rudd,"117 Rue Al Maari",Ennechima,Tunisia
766,Ann,Miron,"169 Bristol Crescent",Milson,"New Zealand"
767,Jane,Hines,"1706 Reserve St","Barry's Bay",Canada
768,Curtis,Harris,"78 rue de la Hulotais",SAINT-PRIEST,France
769,Jeffery,Lester,"271 Apollonos Avenue",Palodeia,"Cyprus (Anglicized)"
770,Matthew,Wiggins,"Avda. Enrique Peinador 31",Machacón,Spain
771,Edna,Salazar,"Parmova 108",Maribor,Slovenia
772,Alicia,Tarvin,"69 Ryker Rd","FINLAY VALE",Australia
773,Miguel,Pendelton,"1138 Union Lane",Durban,"South Africa"
774,Richard,Castanon,"Stationsweg 98",Budel-Dorplein,Netherlands
775,James,Mazzola,"57 Rue de la Pompe",MARCQ-EN-BAROEUL,France
776,Deborah,Cuellar,"Colijnstraat 102",Meppel,Netherlands
777,Arturo,Williams,"Storkower Strasse 96",Helferskirchen,Germany
778,Sam,Villanueva,"3 Little Myers Street",PLUMPTON,Australia
779,Paul,Kucharski,"1587 Cheriton Dr",Umzinto,"South Africa"
780,Patrick,Kidd,"Cartagena 12",Calasparra,Spain
781,Charles,Bailey,"36 Avenue De Marlioz",ANTONY,France
782,Richard,Seaton,"Skovvej 54","København V",Denmark
783,Adrianne,Fisher,"2250 Coleman Avenue","Palm Springs","United States"
784,Luther,Gonzalez,"1874 Dickens St","Kempton Park","South Africa"
785,Roslyn,Jones,"Erzsébet krt. 90.",Dinnyés,Hungary
786,Ricardo,Mitchell,"Jabloňová 747","Hrochuv Týnec","Czech Republic"
787,Linda,Waldon,"1914 Bellwood Acres Rd",Huntsville,Canada
788,Stephanie,Cheatwood,"Holzstrasse 98",SALLA,Austria
789,Jamie,Smith,"Πλ. Καραισκάκη 97",ΚΟΚΚΙΝΟΤΡΙΜΙΘΙΑ,"Cyprus (Greek)"
790,Melissa,Medina,"90 Chapman Avenue",WOODFORD,Australia
791,Elizabeth,Smith,"Bjarg Dalbraut 87",Búðardalur,Iceland
792,Norman,Myricks,"Družstevní 510",Zbiroh,"Czech Republic"
793,Lynn,Bogue,"Nytorpsvägen 46",LEKERYD,Sweden
794,John,Uselton,"50 Pipeclay Road",CROSSLANDS,Australia
795,Johnny,Brady,"Postbox 26",Kangilinnguit,Greenland
796,Michael,Taylor,"29 Faubourg Saint Honoré",PARIS,France
797,Joseph,Jones,"Via Sedile di Porto 96","Masera' Di Padova",Italy
798,Richard,Lapointe,"Rautatienkatu 29",SOTKAMO,Finland
799,Susan,McWhorter,"Via Lagrange 113",Mugnano,Italy
800,June,Garner,"Ν. Νικοδήμου 33","ΑΠΟΣΤΟΛΟΣ ΑΝ∆ΡΕΑΣ","Cyprus (Greek)"
801,Robert,Martin,"3570 Tycos Dr",Toronto,Canada
802,Eugene,Weiner,"Route de Baschamps 371",Bande,Belgium
803,Kattie,Frampton,"Bygmestervej 39","København V",Denmark
804,Eric,Burns,"Hans-Grade-Allee 45",Wanderup,Germany
805,Caroline,Neumann,"Parmova 68",Luče,Slovenia
806,Andrew,Walton,"89 Main Rd",FORD,"United Kingdom"
807,Cora,Parris,"Øvre Askerhagen 32",ASKER,Norway
808,Maureen,Nehls,"33 place Stanislas",NANTERRE,France
809,Joshua,Page,"571 Shinn Avenue",Pittsburgh,"United States"
810,Catherine,Miles,"566 Tait St",Rustenburg,"South Africa"
811,Jimmy,Reed,"Lavalleja 7138","San Rafael - El Placer",Uruguay
812,Alan,Torres,"Jan Hendrikxstraat 54",Best,Netherlands
813,Carolyn,Wolfe,"Rua Vale Formoso 106",Faro,Portugal
814,Virginia,West,"Suðurgata 90",Sauðarkrókur,Iceland
815,Pamela,Vargas,"785 Wright Court",Seattle,"United States"
816,Jennifer,Fountain,"Hegyalja út 44.",Kovácsvágás,Hungary
817,Harold,Hunter,"155 Kleisthenous Street",Vasiliko,"Cyprus (Anglicized)"
818,Erica,Brewer,"Corso Novara 24",Loceri,Italy
819,Viva,Hill,"Kirchstrasse 42","La Sagne",Switzerland
820,Latonya,Gonzales,"ul. Krucza 72",Białystok,Poland
821,Natasha,Vogt,"ul. Turniejowa 74",Będzin,Poland
822,Samuel,Shue,"59 Epimenidou Street",Limassol,"Cyprus (Anglicized)"
823,Mark,Jones,"Μυκόνου 2","ΜΕΣΑ ΓΕΙΤΟΝΙΑ","Cyprus (Greek)"
824,Dennis,Hoch,"Aasa 22",Lusti,Estonia
825,Agnes,Soo,"Ahlströminkatu 98",JOENSUU,Finland
826,Peter,Aguirre,"Pardubská 851",Slušovice,"Czech Republic"
827,Charlotte,Kimbrough,"Tihniku 48",Tuti,Estonia
828,Janell,Samuels,"54 rue du Général Ailleret","LES ABYMES",France
829,Edward,Perl,"Lukiokatu 51",HÄMEENLINNA,Finland
830,Nathan,Pickney,"Kurfuerstendamm 59",München,Germany
831,Leland,Hamilton,"33 Sale-Heyfield Road",MOYARRA,Australia
832,Jesus,Klein,"Rua Sempre Viva 801",Queimados,Brazil
833,Wiley,King,"ul. Szaniawskiego Junoszy Klemensa 59",Kraków,Poland
834,Brandy,Hoang,"R Padre João A L Ribeiro 37","Cabanas de Viriato",Portugal
835,Donald,Bowlin,"85 George Street",TANBAR,Australia
836,Helena,Staggers,"Alte Poststrasse 7",HAID,Austria
837,Kecia,Becker,"C/ Cañada del Rosal 86","San Juan del Puerto",Spain
838,William,Williams,"ul. Daszyńskiego Ignacego 139",Wrocław,Poland
839,Russell,Vargas,"C/ Cuevas de Ambrosio 35","Castillo de Locubín",Spain
840,Myrtle,Murchison,"Turjaška 112",Podvelka,Slovenia
841,Lynne,Stiltner,"Kårehaugen 67",STORD,Norway
842,Steven,Costello,"20 Edward Bennett Drive",ENFIELD,Australia
843,Angie,Horsley,"3 Park End St",BROOM,"United Kingdom"
844,Robert,Church,"Obránců míru 1793","Kostelec nad Orlicí","Czech Republic"
845,David,Glover,"52 Rue St Ferréol",MEUDON,France
846,Myrna,Russell,"Parmova 27","Marjeta na Dravskem polju",Slovenia
847,Walter,Mobley,"245 Iles Road",Koutu,"New Zealand"
848,Ivonne,Wheeler,"460 Bayfield St","Richmond Hill",Canada
849,Steven,Novak,"Tylova 448","Karlovy Vary 1","Czech Republic"
850,Dennis,Ellis,"Fjøsmestervegen 245",TRONDHEIM,Norway
851,Doyle,Hale,"Skole Allé 86","København K",Denmark
852,Lon,Murphy,"Främsteby Karlsborg 78",FURULUND,Sweden
853,Doug,Tierney,"Slotsgade 99",Egernsund,Denmark
854,Julia,Wieland,"Aqqusinersuaq 170",Sisimiut,Greenland
855,Clyde,Taylor,"Paysandu 6668",Tala,Uruguay
856,Jimmy,McDonald,"206 Rus St",Paarl,"South Africa"
857,Laura,Gregory,"ul. Murarska 32",Łódź,Poland
858,Cory,Carpenter,"Place Léopold 171",Hensies,Belgium
859,Jason,Edgerton,"Apor Péter u. 74.",Nagykörû,Hungary
860,Mattie,Ellis,"57 Warren St","WEST HOLME","United Kingdom"
861,Stephen,Smith,"1426 Marconi St","Odin Park","South Africa"
862,Marcos,Purifoy,"Zistelweg 91",UNTERKILLING,Austria
863,Bryan,Goodwin,"Postbox 189","Constable Pynt",Greenland
864,Kathleen,Martinez,"739 Bath Rd",Phoenix,"South Africa"
865,Anthony,Delagarza,"66 Inglewood Court",VAUGHAN,Australia
866,April,Jones,"Tavcarjeva 110","Šmartno ob Dreti",Slovenia
867,Guadalupe,Saito,"Sævar 6",Húsavík,Iceland
868,Geraldine,Barr,"ul. Karbowa 114",Katowice,Poland
869,Krista,Pressley,"Kolde puiestee 45",Tallinn,Estonia
870,Lionel,Zimmerman,"497 Sycamore Lake Road",Algoma,"United States"
871,Ruth,Mapp,"1673 Kamp St","Cape Town","South Africa"
872,Kevin,Moore,"Dunajska 107",Trbonje,Slovenia
873,Jason,Noyes,"Estrada do Sabara 1647",Petrópolis,Brazil
874,Janice,Simmons,"139 Rue de Makthar",Bahra,Tunisia
875,Matthew,Sargent,"Door Van dijckstraat 197",Lens-Saint-Servais,Belgium
876,Derick,Adolph,"Tompa u. 87.",Vámospércs,Hungary
877,Herman,Ketner,"Avenida Paris 81","Casal Amaro",Portugal
878,Jose,Whitehead,"Graben 97",OBERSCHÖCKL,Austria
879,Fernando,Baldwin,"ul. Kolarska 2",Wrocław,Poland
880,Mary,Petersen,"Rua Capitão Henrique Galvão 7",Bobadela,Portugal
881,Sarah,Blanchard,"10 Haslemere Road",ECCLESFIELD,"United Kingdom"
882,Susana,Davis,"Apor Péter u. 73.",Jászjákóhalma,Hungary
883,Mellisa,Norfleet,"70 Byron Street",Maryhill,"New Zealand"
884,Pamela,Boyd,"Præstevænget 14","København V",Denmark
885,Darin,Collins,"Rua Mouco 117",Cascais,Portugal
886,John,Lewis,"Garðavegur 33",Reykjavík,Iceland
887,Mary,Parker,"Kaarikatu 61",KAJAANI,Finland
888,Alexandra,Sands,"37 Wern Ddu Lane",LUDGERSHALL,"United Kingdom"
889,Catherine,Kelly,"Τρικάλων 13",ΛΕΥΚΩΣΙΑ,"Cyprus (Greek)"
890,Tommy,Buck,"ul. Rynek Jeżycki 125",Poznań,Poland
891,Jeremy,Troup,"P.O. Box 221","Station Nord",Greenland
892,Nathaniel,Miller,"Dunajska 27",Teharje,Slovenia
893,Emma,Stang,"Tylova 1473","Brezová nad Svitavou","Czech Republic"
894,Elizabeth,Lemmon,"293 Amos St",Skilpadfontein,"South Africa"
895,George,Walker,"Benjamin Brittenstraat 143",Zaandijk,Netherlands
896,Mary,Byrge,"173 Bezuidenhout St","Piet Retief","South Africa"
897,Kevin,Hanson,"Enxertos 35","Castillejo de Martín Viejo",Spain
898,Greg,Phifer,"R Cid Tomar 17","Casal do Marco",Portugal
899,Jordan,Adkins,"Wesselényi u. 75.",Pusztacsalád,Hungary
900,Amalia,Pierson,"2165 Langley St",Uniondale,"South Africa"
901,Angelica,Ebron,"550 184th Street",Edmonton,Canada
902,John,Marshall,"Larrañaga 8708","Las Toscas",Uruguay
903,Melissa,Bernal,"Nad Tratí 1611","Decín 2","Czech Republic"
904,Lisa,Martinez,"ul. Iwaszkiewicza Jarosława 115",Olsztyn,Poland
905,Gerald,Mitchell,"2239 Diesel Street",Krugersdorp,"South Africa"
906,Virgina,Herbert,"4686 Hastings Street",Vancouver,Canada
907,Kenneth,Connor,"ul. Sienkiewicza 82","Czarna Białostocka",Poland
908,Cathy,Elliott,"Csavargyár u. 38.",Nemespátró,Hungary
909,Kayla,Sandefur,"Otakaari 18",NAKKILA,Finland
910,Rodger,Brannan,"26 Goldfields Road",GLENCOE,Australia
911,Edna,Holmes,"Orase 14",Tallinn,Estonia
912,Alyson,Walker,"ul. Dekerta Jana 14",Rzeszów,Poland
913,Denise,Juan,"445 Rissik St",Witbank,"South Africa"
914,Edward,Montgomery,"810 Lauzon Parkway","La Salle",Canada
915,Blake,Wright,"Lucasweg 73",KANING,Austria
916,Justin,Howlett,"Skogarlond 24",Eiðar,Iceland
917,Ernestina,Rose,"Puhkepesa põik 79",Kiivera,Estonia
918,Rosendo,Colon,"Tavcarjeva 2","Šempeter pri Gorici",Slovenia
919,Kenneth,Cofield,"4730 Harvest Moon Dr",Unionville,Canada
920,Stephanie,Peoples,"63 Carlisle Street",SEYMOUR,Australia
921,Darrell,Kraft,"Tiegemberg 250",Tongerlo,Belgium
922,Naomi,Martinez,"Lukkarinmäentie 76",PORVOO,Finland
923,Alma,Bullock,"82 rue Gustave Eiffel",ROANNE,France
924,Adolph,Padgett,"Kaare 34",Õngu,Estonia
925,Leticia,White,"Qaanniviit 122",Nuussuaq,Greenland
926,Gerard,Smith,"254 A. Diakou Street",Syrianochori,"Cyprus (Anglicized)"
927,Carrie,Hackbarth,"4698 Merton Street",Toronto,Canada
928,Julie,Pederson,"Zeppelinstrasse 92","ST. MICHAEL",Austria
929,Lyle,Red,"Sveltekrogen 68","København V",Denmark
930,Lisa,Dotson,"38 Atkinson Way","THEVENARD ISLAND",Australia
931,Thomas,Cochran,"Pfaffacherweg 46",Schmidshof,Switzerland
932,Janis,Elliott,"96 Faubourg Saint Honoré",PARIS,France
933,Roy,Parsons,"89 rue Clement Marot",PERPIGNAN,France
934,Edward,Loggins,"Torikatu 20",JYVÄSKYLÄ,Finland
935,Richard,Lehmann,"Schmiedsberg 23","ST. CHRISTOPHEN",Austria
936,Guy,Baker,"240 Hazlewood Avenue",Kelburn,"New Zealand"
937,Betty,Browning,"Rua Liberdade 873","São Luís",Brazil
938,Leonard,Johnston,"Rua Coco Natal 94","São Paulo",Brazil
939,Christina,Davis,"2327 rue Principale",Rouyn,Canada
940,Donald,Mei,"21 Rue Ali Belhouane","Cite El Wifak",Tunisia
941,Jennifer,Schnieders,"ul. Belwederska 13",Warszawa,Poland
942,Anne,Rivers,"Parmova 34","Ljubno ob Savinji",Slovenia
943,Emma,Flores,"161 Eleftherias Square",Strovolos,"Cyprus (Anglicized)"
944,Don,Brenner,"Enxertos 66","El Bodón",Spain
945,Antoinette,Brock,"Roland Holstlaan 84",Veenendaal,Netherlands
946,George,Cox,"Svenskeberget 130",KRÅKERØY,Norway
947,Johnie,Black,"Rua da Felicidade 973","Montes Claros",Brazil
948,Priscilla,Eaddy,"Baross tér 89.",Galvács,Hungary
949,Amy,Garcia,"Hakulintie 17",TURKU,Finland
950,Jean,Gallagher,"81 Ane Habib Bourguiba","El Fidh",Tunisia
951,Jeremiah,Bradley,"Edeforsvägen 59",BORÅS,Sweden
952,William,Moreno,"88 Rue des pyramides",Soliman,Tunisia
953,Edith,Farthing,"P.O. Box 23",Pituffik,Greenland
954,Jesse,Black,"240 David Beattie Place",Chatswood,"New Zealand"
955,Stephanie,Ricks,"Nagytétényi út 72.",Szeged,Hungary
956,William,Mundy,"Strandgata 75",Eskifjörður,Iceland
957,Charles,Goodman,"Duinweg 27",Noordwijk,Netherlands
958,Phyllis,Yost,"R Figueiras 54",Melres,Portugal
959,Dolores,Velazquez,"Nad Tratí 1103","Decín 2","Czech Republic"
960,Joseph,Griffin,"Rua Vasco Gama 18","Pedro Miguel",Portugal
961,Alfred,Davis,"Piazza San Carlo 77",Cervatto,Italy
962,Leonor,Forand,"Via del Pontiere 26",Torino,Italy
963,Wesley,Burton,"1 Wrexham Road",FAVILLAR,"United Kingdom"
964,James,Goad,"ul. Transportowa 15",Białystok,Poland
965,Ronald,Fernandez,"Rua Vale Miguel 54",Aveiro,Portugal
966,Gertrude,Hernandez,"Trg revolucije 68",Adlešiči,Slovenia
967,Billy,Myers,"Rua 108 1673",Goiânia,Brazil
968,Jim,Blount,"Kolodvorska 74",Kozje,Slovenia
969,Harry,Francisco,"Mandemakersstraat 458",Wezeren,Belgium
970,Kathy,Welch,"Nabra 32",Tallinn,Estonia
971,Doris,Rodriguez,"St Olavs plass 159",ÅLESUND,Norway
972,George,Mickelsen,"Hegyalja út 26.",Debrecen,Hungary
973,Jerry,Vicini,"Granheimveien 103",TØNSBERG,Norway
974,Mark,Nelson,"70 Bishopthorpe Road",PENEGOES,"United Kingdom"
975,Macy,Killgore,"Piedras 5133","La Aguada - Costa Azul",Uruguay
976,John,Beckett,"4 Round Drive",BOOLAROO,Australia
977,Jeff,Fuller,"2824 Morningview Lane",Eldora,"United States"
978,Kristin,Cross,"P.O. Box 203",Aasiaat,Greenland
979,David,Edison,"45 Prodromou str",Acheritou,"Cyprus (Anglicized)"
980,Grace,Soliz,"8 Witney Way",KNOCKENKELLY,"United Kingdom"
981,Emerson,Heck,"Dózsa György út 3.",Alsózsolca,Hungary
982,Jessica,Wilbur,"102 Rue Jamil Sedki","Ain Rekoub",Tunisia
983,Cindy,Alvarado,"Egilsgata 92",Borgarnes,Iceland
984,John,Goldstein,"Yapeyu 1547","Bella Unión",Uruguay
985,Carolyn,Reese,"73 Rue D'Eljem","Cite Sidi Marouane",Tunisia
986,Rex,Holmes,"Tavcarjeva 76","Šmartno v Rožni dolini",Slovenia
987,John,Webster,"Spojovací 1707",Starec,"Czech Republic"
988,Rosa,Landry,"Postbox 77","Slædepatruljen Sirius",Greenland
989,Aubrey,Berrios,"Ólafsbraut 21",Reykholt,Iceland
990,Holly,Roach,"Avenida Visconde Valmor 58","Torres Vedras",Portugal
991,Michael,Boice,"P.O. Box 289",Ittoqqortoormiit,Greenland
992,Dwayne,Bean,"Qaanniviit 43",Nuussuaq,Greenland
993,Jason,Evans,"Smiðjustígur 50",Patreksfjörður,Iceland
994,James,Mann,"Kolde puiestee 23",Tallinn,Estonia
995,Matthew,Brewer,"Þjónustusvæði 66",Borgarfjörður,Iceland
996,Walter,Miller,"Breidamork 8",Hveragerði,Iceland
997,Tod,Edmonds,"Postbox 50",Narsarsuaq,Greenland
998,Colleen,Irvine,"ul. Sasankowa 116",Lublin,Poland
999,Victor,Burr,"Rue de Birmingham 301",Diksmuide,Belgium
1000,Roberto,Alexander,"Frederik Glads gate 181",OSLO,Norway
